,,,1988-1992,,,,1993-1997,,,,1998-2002,,,,2003-2007,,,,2008-2012,,,,2013-2017,,,,2018-2022,
Cameroon,Agricultural water withdrawal (10^9 m3/year),1992,0.14,,,1997,0.513125,I,,2002,0.737,I,,2007,0.737,I,,2012,0.737,I,,2017,0.737,I,,2018,0.737,I
Cameroon,Industrial water withdrawal (km<sup>3</sup>/year or 10<sup>9</sup>m<sup>3</sup>/year),1992,0.076,,,1997,0.0711875,I,,2002,0.08282,I,,2007,0.1046,I,,2012,0.1046,I,,2017,0.1046,I,,2018,0.1046,I
Cameroon,Municipal water withdrawal (km<sup>3</sup>/year or 10<sup>9</sup>m<sup>3</sup>/year),1992,0.184,,,1997,0.1696875,I,,2002,0.19538,I,,2007,0.2468,I,,2012,0.2468,I,,2017,0.2468,I,,2018,0.2468,I
Cameroon,Total water withdrawal (10^9 m3/yr),1992,0.4,E,,1997,0.754,I,,2002,1.0152,E,,2007,1.0884,E,,2012,1.0884,E,,2017,1.0884,E,,2018,1.0884,E
Cameroon,Irrigation water withdrawal (10^9 m3/yr),,,,,,,,,2002,0.737,I,,2007,0.737,I,,2012,0.737,I,,2017,0.737,I,,2018,0.737,I
Cameroon,Irrigation water requirement (km<sup>3</sup>/year or 10<sup>9</sup>m<sup>3</sup>/year),,,,,,,,,2002,0.201,I,,2007,0.201,I,,2012,0.201,I,,2017,0.201,I,,2018,0.201,I
Cameroon,Agricultural water withdrawal as % of total water withdrawal (%),1992,35,E,,1997,68.05371353,E,,2002,72.5965327,E,,2007,67.71407571,E,,2012,67.71407571,E,,2017,67.71407571,E,,2018,67.71407571,E
Cameroon,Industrial water withdrawal as % of total water withdrawal (%),1992,19,E,,1997,9.441312997,E,,2002,8.157998424,E,,2007,9.610437339,E,,2012,9.610437339,E,,2017,9.610437339,E,,2018,9.610437339,E
Cameroon,Municipal water withdrawal as % of total withdrawal (%),1992,46,E,,1997,22.50497347,E,,2002,19.24546887,E,,2007,22.67548695,E,,2012,22.67548695,E,,2017,22.67548695,E,,2018,22.67548695,E
Cameroon,Total water withdrawal per capita (m<sup>3</sup>/year per inhabitant),1992,32.00128261,E,,1997,52.56388726,E,,2002,62.06288672,E,,2007,58.10910909,E,,2012,50.6579742,E,,2017,44.30500553,E,,2018,43.16261404,E
Cameroon,Environmental Flow Requirements (10^9 m3/year),1992,213.4,X,[1],1997,213.4,X,[2],2002,213.4,X,[3],2007,213.4,X,[4],2012,213.4,X,[5],2017,213.4,X,[6],2018,213.4,X
Cameroon,Fresh surface water withdrawal (10^9 m3/yr),,,,,,,,,,,,,,,,,,,,,,,,,,,
Cameroon,Fresh groundwater withdrawal (10^9 m3/yr),,,,,,,,,,,,,,,,,,,,,,,,,,,
Cameroon,Total freshwater withdrawal (10^9 m3/yr),1992,0.4,E,,1997,0.754,I,,2002,1.0152,E,,2007,1.0884,E,,2012,1.0884,E,,2017,1.0884,E,,2018,1.0884,E
Cameroon,Desalinated water produced (km<sup>3</sup>/year or 10<sup>9</sup>m<sup>3</sup>/year),,,,,,,,,,,,,,,,,,,,,,,,,,,
Cameroon,Direct use of treated municipal wastewater (10^9 m3/yr),,,,,,,,,,,,,,,,,,,,,,,,,,,
Cameroon,Direct use of agricultural drainage water (10^9 m3/yr),,,,,,,,,,,,,,,,,,,,,,,,,,,
Cameroon,Produced municipal wastewater (km<sup>3</sup>/year or 10^9m<sup>3</sup>/year),,,,,,,,,,,,,,,,,2012,0.0662,I,,2017,0.0662,I,,2018,0.0662,I
Cameroon,Collected municipal wastewater (km<sup>3</sup>/year or 10^9m<sup>3</sup>/year),,,,,,,,,,,,,,,,,,,,,,,,,,,
Cameroon,Treated municipal wastewater (km<sup>3</sup>/year or 10^9m<sup>3</sup>/year),,,,,,,,,,,,,,,,,,,,,,,,,,,
Cameroon,Number of municipal wastewater treatment facilities (-),,,,,,,,,,,,,,,,,,,,,,,,,,,
Cameroon,Capacity of the municipal wastewater treatment facilities (10^9 m3/yr),,,,,,,,,,,,,,,,,,,,,,,,,,,
Cameroon,Not treated municipal wastewater (km<sup>3</sup>/year or 10^9m<sup>3</sup>/year),,,,,,,,,,,,,,,,,,,,,,,,,,,
Cameroon,Treated municipal wastewater discharged (secondary water) (km<sup>3</sup>/year or 10^9m<sup>3</sup>/year),,,,,,,,,,,,,,,,,,,,,,,,,,,
Cameroon,Not treated municipal wastewater discharged (secondary water) (km<sup>3</sup>/year or 10^9m<sup>3</sup>/year),,,,,,,,,,,,,,,,,,,,,,,,,,,
Cameroon,Direct use of treated municipal wastewater (km<sup>3</sup>/year or 10^9m<sup>3</sup>/year),,,,,,,,,,,,,,,,,,,,,,,,,,,
Cameroon,Direct use of treated municipal wastewater for irrigation purposes (km<sup>3</sup>/year or 10^9m<sup>3</sup>/year),,,,,,,,,,,,,,,,,,,,,,,,,,,
Cameroon,Direct use of not treated municipal wastewater for irrigation purposes (km<sup>3</sup>/year or 10^9m<sup>3</sup>/year),,,,,,,,,,,,,,,,,,,,,,,,,,,
Cameroon,Area equipped for irrigation by direct use of treated municipal wastewater (1000 ha),,,,,,,,,,,,,,,,,,,,,,,,,,,
Cameroon,Area equipped for irrigation by direct use of not treated municipal wastewater (1000 ha),,,,,,,,,,,,,,,,,,,,,,,,,,,
Cameroon,MDG 7.5. Freshwater withdrawal as % of total renewable water resources (%),1992,0.141267879,E,,1997,0.266289952,I,,2002,0.358537878,E,,2007,0.384389899,E,,2012,0.384389899,E,,2017,0.384389899,E,,2018,0.384389899,E
Cameroon,Agricultural water withdrawal as % of total renewable water resources (%),1992,0.049443758,E,,1997,0.181220201,I,,2002,0.260286068,I,,2007,0.260286068,I,,2012,0.260286068,I,,2017,0.260286068,I,,2018,0.260286068,I
Cameroon,SDG 6.4.2. Water Stress (%),1992,0.573476703,E,,1997,1.081003584,E,,2002,1.455483871,E,,2007,1.560430108,E,,2012,1.560430108,E,,2017,1.560430108,E,,2018,1.560430108,E
Cameroon,SDG 6.4.1. Water Use Efficiency (US$/m3),,,,,,,,,2002,13.50910229,I,,2007,15.85585717,I,,2012,19.31225815,I,,2017,23.85547804,I,,2018,24.81721631,I
Cameroon,SDG 6.4.1. Irrigated Agriculture Water Use Efficiency (US$/m3),,,,,,,,,2002,0.026313493,E,,2007,0.028132119,E,,2012,0.032465964,E,,2017,0.043451051,E,,2018,0.045376143,E
Cameroon,SDG 6.4.1. Industrial Water Use Efficiency (US$/m3),1992,43.80582026,E,,1997,51.49152897,E,,2002,56.88153603,E,,2007,56.92147696,E,,2012,67.21786232,E,,2017,76.58189223,E,,2018,81.58058125,E
Cameroon,SDG 6.4.1. Services Water Use Efficiency (US$/m3),1992,38.46020084,E,,1997,43.2599004,E,,2002,45.98279655,E,,2007,45.71634962,E,,2012,56.58243902,E,,2017,72.61674612,E,,2018,74.73374076,E
Cameroon,Irrigation potential (1000 hectares),1992,290,E,,1997,290,E,,2002,290,E,,2007,290,E,,2012,290,,,2017,290,I,,2018,290,I
Cameroon,Area equipped for full control irrigation: surface irrigation (1000 ha),,,,,,,,,2002,17.02,I,,2007,17.02,I,,2012,17.02,I,,2017,17.02,I,,2018,17.02,I
Cameroon,Area equipped for full control irrigation: sprinkler irrigation (1000 ha),,,,,,,,,2002,5.43,I,,2007,5.43,I,,2012,5.43,I,,2017,5.43,I,,2018,5.43,I
Cameroon,Area equipped for full control irrigation: localized irrigation (1000 ha),,,,,,,,,,,,,,,,,,,,,,,,,,,
Cameroon,Area equipped for full control irrigation: total (1000 ha),1992,21.53923077,I,,1997,22.10846154,I,,2002,22.45,I,,2007,22.45,I,,2012,22.45,I,,2017,22.45,I,,2018,22.45,I
Cameroon,Area equipped for full control irrigation: actually irrigated (1000 ha),,,,,,,,,2002,22.45,I,,2007,22.45,I,,2012,22.45,I,,2017,22.45,I,,2018,22.45,I
Cameroon,% of area equipped for full control irrigation actually irrigated (%),,,,,,,,,2002,100,I,,2007,100,I,,2012,100,I,,2017,100,I,,2018,100,I
Cameroon,Area equipped for irrigation: equipped lowland areas (1000 ha),,,,,,,,,2002,0.404,I,,2007,0.404,I,,2012,0.404,I,,2017,0.404,I,,2018,0.404,I
Cameroon,Area equipped for irrigation: spate irrigation (1000 ha),,,,,,,,,2002,2.8,I,,2007,2.8,I,,2012,2.8,I,,2017,2.8,I,,2018,2.8,I
Cameroon,Area equipped for irrigation: total (1000 ha),1992,21.53923077,E,,1997,22.10846154,E,,2002,25.654,I,,2007,25.654,I,,2012,25.654,I,,2017,25.654,I,,2018,25.654,I
Cameroon,% of the area equipped for irrigation managed by women (%),,,,,,,,,,,,,,,,,,,,,,,,,,,
Cameroon,% of the agricultural holdings with irrigation managed by women (%),,,,,,,,,,,,,,,,,,,,,,,,,,,
Cameroon,Area equipped for irrigation: actually irrigated (1000 ha),,,,,,,,,,,,,,,,,,,,,,,,,,,
Cameroon,% of the area equipped for irrigation actually irrigated (%),,,,,,,,,,,,,,,,,,,,,,,,,,,
Cameroon,% of the cultivated area equipped for irrigation (%),1992,0.300827245,E,,1997,0.308777396,E,,2002,0.358296089,I,,2007,0.355663386,E,,2012,0.331019355,E,,2017,0.331019355,E,,2018,0.331019355,E
Cameroon,% of irrigation potential equipped for irrigation (%),1992,7.427320955,E,,1997,7.623607427,E,,2002,8.846206897,I,,2007,8.846206897,I,,2012,8.846206897,I,,2017,8.846206897,I,,2018,8.846206897,I
Cameroon,Flood recession cropping area non-equipped (1000 ha),,,,,,,,,,,,,,,,,,,,,,,,,,,
Cameroon,Cultivated wetlands and inland valley bottoms non-equipped (1000 ha),,,,,,,,,,,,,,,,,,,,,,,,,,,
Cameroon,Total agricultural water managed area (1000 ha),1992,21.53923077,E,,1997,22.10846154,E,,2002,25.654,I,,2007,25.654,I,,2012,25.654,I,,2017,25.654,I,,2018,25.654,I
Cameroon,% of agricultural water managed area equipped for irrigation (%),1992,100,I,,1997,100,I,,2002,100,I,,2007,100,I,,2012,100,I,,2017,100,I,,2018,100,I
Cameroon,Area equipped for irrigation by surface water (1000 ha),,,,,,,,,2002,25.55,I,,2007,25.55,I,,2012,25.55,I,,2017,25.55,I,,2018,25.55,I
Cameroon,Area equipped for irrigation by groundwater (1000 ha),,,,,,,,,2002,0.1,I,,2007,0.1,I,,2012,0.1,I,,2017,0.1,I,,2018,0.1,I
Cameroon,Area equipped for irrigation by mixed surface water and groundwater (1000 ha),,,,,,,,,,,,,,,,,,,,,,,,,,,
Cameroon,Area equipped for irrigation by direct use of treated municipal wastewater (1000 ha),,,,,,,,,,,,,,,,,,,,,,,,,,,
Cameroon,Area equipped for irrigation by direct use of non-treated municipal wastewater  (1000 ha),,,,,,,,,,,,,,,,,,,,,,,,,,,
Cameroon,Area equipped for irrigation by direct use of agricultural drainage water (1000 ha),,,,,,,,,,,,,,,,,,,,,,,,,,,
Cameroon,Area equipped for irrigation by desalinated water (1000 ha),,,,,,,,,,,,,,,,,,,,,,,,,,,
Cameroon,% of area equipped for irrigation by surface water (%),,,,,,,,,2002,99.59460513,I,,2007,99.59460513,I,,2012,99.59460513,I,,2017,99.59460513,I,,2018,99.59460513,I
Cameroon,% of area equipped for irrigation by groundwater  (%),,,,,,,,,2002,0.38980276,I,,2007,0.38980276,I,,2012,0.38980276,I,,2017,0.38980276,I,,2018,0.38980276,I
Cameroon,% of area equipped for irrigation by mixed surface water and groundwater (%),,,,,,,,,,,,,,,,,,,,,,,,,,,
Cameroon,% of area equipped for irrigation by direct use of  treated municipal wastewater (%),,,,,,,,,,,,,,,,,,,,,,,,,,,
Cameroon,% of area equipped for irrigation by direct use of non-treated municipal wastewater (%),,,,,,,,,,,,,,,,,,,,,,,,,,,
Cameroon,% of area equipped for irrigation by direct use of agricultural drainage water  (%),,,,,,,,,,,,,,,,,,,,,,,,,,,
Cameroon,% of area equipped for irrigation by desalinated water (%),,,,,,,,,,,,,,,,,,,,,,,,,,,
Cameroon,Total harvested irrigated crop area (full control irrigation) (1000 ha),,,,,,,,,2002,34,I,,2007,34,I,,2012,34,I,,2017,34,I,,2018,34,I
Cameroon,Harvested irrigated temporary crop area: Total (1000 ha),,,,,,,,,2002,28.7,I,,2007,28.7,I,,2012,28.7,I,,2017,28.7,I,,2018,28.7,I
Cameroon,Harvested irrigated permanent crop area: Total (1000 ha),,,,,,,,,2002,5.4,I,,2007,5.4,I,,2012,5.4,I,,2017,5.4,I,,2018,5.4,I
Cameroon,Permanent meadows and pastures irrigated (1000 ha),,,,,,,,,,,,,,,,,,,,,,,,,,,
Cameroon,Irrigated cropping intensity (%),,,,,,,,,2002,151.4476615,I,,2007,151.4476615,I,,2012,151.4476615,I,,2017,151.4476615,I,,2018,151.4476615,I
Cameroon,Harvested irrigated temporary crop area: Wheat (1000 ha),,,,,,,,,,,,,,,,,,,,,,,,,,,
Cameroon,Harvested irrigated temporary crop area: Rice (1000 ha),,,,,,,,,2002,20.39,I,,2007,20.39,I,,2012,20.39,I,,2017,20.39,I,,2018,20.39,I
Cameroon,Harvested irrigated temporary crop area: Barley (1000 ha),,,,,,,,,,,,,,,,,,,,,,,,,,,
Cameroon,Harvested irrigated temporary crop area: Maize (1000 ha),,,,,,,,,2002,7.546,I,,2007,7.546,I,,2012,7.546,I,,2017,7.546,I,,2018,7.546,I
Cameroon,Harvested irrigated temporary crop area: Millet (1000 ha),,,,,,,,,,,,,,,,,,,,,,,,,,,
Cameroon,Harvested irrigated temporary crop area: Sorghum (1000 ha),,,,,,,,,,,,,,,,,,,,,,,,,,,
Cameroon,Harvested irrigated temporary crop area: Other cereals (1000 ha),,,,,,,,,,,,,,,,,,,,,,,,,,,
Cameroon,Harvested irrigated temporary crop area: Vegetables (1000 ha),,,,,,,,,,,,,,,,,,,,,,,,,,,
Cameroon,Harvested irrigated temporary crop area: Soybeans (1000 ha),,,,,,,,,,,,,,,,,,,,,,,,,,,
Cameroon,Harvested irrigated temporary crop area: Groundnuts (1000 ha),,,,,,,,,,,,,,,,,,,,,,,,,,,
Cameroon,Harvested irrigated temporary crop area: Sesame (1000 ha),,,,,,,,,,,,,,,,,,,,,,,,,,,
Cameroon,Harvested irrigated temporary crop area: Sunflower (1000 ha),,,,,,,,,,,,,,,,,,,,,,,,,,,
Cameroon,Harvested irrigated temporary crop area: Potatoes (1000 ha),,,,,,,,,,,,,,,,,,,,,,,,,,,
Cameroon,Harvested irrigated temporary crop area: Sweet potatoes (1000 ha),,,,,,,,,,,,,,,,,,,,,,,,,,,
Cameroon,Harvested irrigated temporary crop area: Cassava (1000 ha),,,,,,,,,,,,,,,,,,,,,,,,,,,
Cameroon,Harvested irrigated temporary crop area: Other roots and tubers (1000 ha),,,,,,,,,,,,,,,,,,,,,,,,,,,
Cameroon,Harvested irrigated temporary crop area: Leguminous crops (1000 ha),,,,,,,,,,,,,,,,,,,,,,,,,,,
Cameroon,Harvested irrigated temporary crop area: Sugar beet (1000 ha),,,,,,,,,,,,,,,,,,,,,,,,,,,
Cameroon,Harvested irrigated temporary crop area: Sugarcane (1000 ha),,,,,,,,,,,,,,,,,,,,,,,,,,,
Cameroon,Harvested irrigated temporary crop area: Fodder (1000 ha),,,,,,,,,,,,,,,,,,,,,,,,,,,
Cameroon,Harvested irrigated temporary crop area: Cotton (1000 ha),,,,,,,,,,,,,,,,,,,,,,,,,,,
Cameroon,Harvested irrigated temporary crop area: Flowers (1000 ha),,,,,,,,,,,,,,,,,,,,,,,,,,,
Cameroon,Harvested irrigated temporary crop area: Tobacco (1000 ha),,,,,,,,,,,,,,,,,,,,,,,,,,,
Cameroon,Harvested irrigated temporary crop area: Other crops (1000 ha),,,,,,,,,2002,1.176,I,,2007,1.176,I,,2012,1.176,I,,2017,1.176,I,,2018,1.176,I
Cameroon,Harvested irrigated permanent crop area: Plantains (1000 ha),,,,,,,,,,,,,,,,,,,,,,,,,,,
Cameroon,Harvested irrigated permanent crop area: Bananas (1000 ha),,,,,,,,,2002,5.43,I,,2007,5.43,I,,2012,5.43,I,,2017,5.43,I,,2018,5.43,I
Cameroon,Harvested irrigated permanent crop area: Citrus (1000 ha),,,,,,,,,,,,,,,,,,,,,,,,,,,
Cameroon,Harvested irrigated permanent crop area: Grapes (1000 ha),,,,,,,,,,,,,,,,,,,,,,,,,,,
Cameroon,Harvested irrigated permanent crop area: Other fruits (1000 ha),,,,,,,,,,,,,,,,,,,,,,,,,,,
Cameroon,Harvested irrigated permanent crop area: Coconuts (1000 ha),,,,,,,,,,,,,,,,,,,,,,,,,,,
Cameroon,Harvested irrigated permanent crop area: Olives (1000 ha),,,,,,,,,,,,,,,,,,,,,,,,,,,
Cameroon,Harvested irrigated permanent crop area: Oil palm (1000 ha),,,,,,,,,,,,,,,,,,,,,,,,,,,
Cameroon,Harvested irrigated permanent crop area: Coffee (1000 ha),,,,,,,,,,,,,,,,,,,,,,,,,,,
Cameroon,Harvested irrigated permanent crop area: Tea (1000 ha),,,,,,,,,,,,,,,,,,,,,,,,,,,
Cameroon,Harvested irrigated permanent crop area: Cocoa beans (1000 ha),,,,,,,,,,,,,,,,,,,,,,,,,,,
Cameroon,Harvested irrigated permanent crop area: Grass and Fodder (1000 ha),,,,,,,,,,,,,,,,,,,,,,,,,,,
Cameroon,Harvested irrigated permanent crop area: Rubber (1000 ha),,,,,,,,,,,,,,,,,,,,,,,,,,,
Cameroon,Harvested irrigated permanent crop area: Other crops (1000 ha),,,,,,,,,,,,,,,,,,,,,,,,,,,
Cameroon,% of total grain production irrigated (%),,,,,,,,,,,,,,,,,,,,,,,,,,,
Cameroon,Ratio between rainfed and irrigated yields (-),1992,1.52,E,,1997,1.52,E,,2002,1.52,E,,2007,1.52,I,,2012,1.52,E,,2017,1.52,I,,2018,1.52,I
,,,,,,,,,,,,,,,,,,,,,,,,,,,,
,,,1988-1992,,,,1993-1997,,,,1998-2002,,,,2003-2007,,,,2008-2012,,,,2013-2017,,,,2018-2022,
Chad,Agricultural water withdrawal (10^9 m3/year),1992,0.322733333,I,,1997,0.497466667,I,,2002,0.6722,E,[7],2007,0.6722,I,,2012,0.6722,I,,2017,0.6722,I,,2018,0.6722,I
Chad,Industrial water withdrawal (km<sup>3</sup>/year or 10<sup>9</sup>m<sup>3</sup>/year),1992,0.0365,I,,1997,0.069,I,,2002,0.09458,I,,2007,0.1037,I,,2012,0.1037,I,,2017,0.1037,I,,2018,0.1037,I
Chad,Municipal water withdrawal (km<sup>3</sup>/year or 10<sup>9</sup>m<sup>3</sup>/year),1992,0.051884615,I,,1997,0.074769231,I,,2002,0.09458,I,,2007,0.1037,I,,2012,0.1037,I,,2017,0.1037,I,,2018,0.1037,I
Chad,Total water withdrawal (10^9 m3/yr),1992,0.411117949,E,,1997,0.641235897,E,,2002,0.86136,E,,2007,0.8796,I,,2012,0.8796,I,,2017,0.8796,I,,2018,0.8796,I
Chad,Irrigation water withdrawal (10^9 m3/yr),,,,,,,,,2002,0.6722,E,,2007,0.6722,I,,2012,0.6722,I,,2017,0.6722,I,,2018,0.6722,I
Chad,Irrigation water requirement (km<sup>3</sup>/year or 10<sup>9</sup>m<sup>3</sup>/year),,,,,,,,,2002,0.206,E,,2007,0.206,I,,2012,0.206,I,,2017,0.206,I,,2018,0.206,I
Chad,Agricultural water withdrawal as % of total water withdrawal (%),1992,78.50139707,E,,1997,77.57935397,E,,2002,78.03937959,E,,2007,76.4211005,I,,2012,76.4211005,I,,2017,76.4211005,I,,2018,76.4211005,I
Chad,Industrial water withdrawal as % of total water withdrawal (%),1992,8.878230716,E,,1997,10.76047057,E,,2002,10.98031021,E,,2007,11.78944975,I,,2012,11.78944975,I,,2017,11.78944975,I,,2018,11.78944975,I
Chad,Municipal water withdrawal as % of total withdrawal (%),1992,12.62037222,E,,1997,11.66017546,E,,2002,10.98031021,E,,2007,11.78944975,I,,2012,11.78944975,I,,2017,11.78944975,I,,2018,11.78944975,I
Chad,Total water withdrawal per capita (m<sup>3</sup>/year per inhabitant),1992,64.67425619,E,,1997,85.45831887,E,,2002,95.50257766,E,,2007,81.30874918,E,,2012,68.80071961,E,,2017,58.57458,E,,2018,56.8300427,E
Chad,Environmental Flow Requirements (10^9 m3/year),1992,25.22,X,[8],1997,25.22,X,[9],2002,25.22,X,[10],2007,25.22,X,[11],2012,25.22,X,[12],2017,25.22,X,[13],2018,25.22,X
Chad,Fresh surface water withdrawal (10^9 m3/yr),,,,,,,,,,,,,,,,,,,,,,,,,,,
Chad,Fresh groundwater withdrawal (10^9 m3/yr),,,,,,,,,,,,,,,,,,,,,,,,,,,
Chad,Total freshwater withdrawal (10^9 m3/yr),1992,0.411117949,E,,1997,0.641235897,E,,2002,0.86136,E,,2007,0.8796,I,,2012,0.8796,I,,2017,0.8796,I,,2018,0.8796,I
Chad,Desalinated water produced (km<sup>3</sup>/year or 10<sup>9</sup>m<sup>3</sup>/year),,,,,,,,,,,,,,,,,,,,,,,,,,,
Chad,Direct use of treated municipal wastewater (10^9 m3/yr),,,,,,,,,,,,,,,,,,,,,,,,,,,
Chad,Direct use of agricultural drainage water (10^9 m3/yr),,,,,,,,,,,,,,,,,,,,,,,,,,,
Chad,Produced municipal wastewater (km<sup>3</sup>/year or 10^9m<sup>3</sup>/year),,,,,,,,,,,,,,,,,,,,,,,,,,,
Chad,Collected municipal wastewater (km<sup>3</sup>/year or 10^9m<sup>3</sup>/year),,,,,,,,,,,,,,,,,,,,,,,,,,,
Chad,Treated municipal wastewater (km<sup>3</sup>/year or 10^9m<sup>3</sup>/year),,,,,,,,,,,,,,,,,,,,,,,,,,,
Chad,Number of municipal wastewater treatment facilities (-),,,,,,,,,,,,,,,,,,,,,,,,,,,
Chad,Capacity of the municipal wastewater treatment facilities (10^9 m3/yr),,,,,,,,,,,,,,,,,,,,,,,,,,,
Chad,Not treated municipal wastewater (km<sup>3</sup>/year or 10^9m<sup>3</sup>/year),,,,,,,,,,,,,,,,,,,,,,,,,,,
Chad,Treated municipal wastewater discharged (secondary water) (km<sup>3</sup>/year or 10^9m<sup>3</sup>/year),,,,,,,,,,,,,,,,,,,,,,,,,,,
Chad,Not treated municipal wastewater discharged (secondary water) (km<sup>3</sup>/year or 10^9m<sup>3</sup>/year),,,,,,,,,,,,,,,,,,,,,,,,,,,
Chad,Direct use of treated municipal wastewater (km<sup>3</sup>/year or 10^9m<sup>3</sup>/year),,,,,,,,,,,,,,,,,,,,,,,,,,,
Chad,Direct use of treated municipal wastewater for irrigation purposes (km<sup>3</sup>/year or 10^9m<sup>3</sup>/year),,,,,,,,,,,,,,,,,,,,,,,,,,,
Chad,Direct use of not treated municipal wastewater for irrigation purposes (km<sup>3</sup>/year or 10^9m<sup>3</sup>/year),,,,,,,,,,,,,,,,,,,,,,,,,,,
Chad,Area equipped for irrigation by direct use of treated municipal wastewater (1000 ha),,,,,,,,,,,,,,,,,,,,,,,,,,,
Chad,Area equipped for irrigation by direct use of not treated municipal wastewater (1000 ha),,,,,,,,,,,,,,,,,,,,,,,,,,,
Chad,MDG 7.5. Freshwater withdrawal as % of total renewable water resources (%),1992,0.899601638,E,,1997,1.403142008,E,,2002,1.884814004,E,,2007,1.924726477,I,,2012,1.924726477,I,,2017,1.924726477,I,,2018,1.924726477,I
Chad,Agricultural water withdrawal as % of total renewable water resources (%),1992,0.706199854,I,,1997,1.088548505,I,,2002,1.470897155,E,,2007,1.470897155,I,,2012,1.470897155,I,,2017,1.470897155,I,,2018,1.470897155,I
Chad,SDG 6.4.2. Water Stress (%),1992,2.007411859,E,,1997,3.131034655,E,,2002,4.205859375,E,,2007,4.294921875,E,,2012,4.294921875,E,,2017,4.294921875,E,,2018,4.294921875,E
Chad,SDG 6.4.1. Water Use Efficiency (US$/m3),1992,5.564116379,I,,1997,3.792339444,I,,2002,3.640171106,I,,2007,6.457182143,I,,2012,9.74191795,I,,2017,8.359339149,I,,2018,9.511310504,I
Chad,SDG 6.4.1. Irrigated Agriculture Water Use Efficiency (US$/m3),1992,0.018773412,E,,1997,0.017840035,E,,2002,0.02029332,E,,2007,0.026161444,E,,2012,0.0330949,E,,2017,0.039689259,E,,2018,0.038691158,E
Chad,SDG 6.4.1. Industrial Water Use Efficiency (US$/m3),1992,12.97094879,E,,1997,7.583810397,E,,2002,7.549391806,E,,2007,27.71828043,E,,2012,45.24995815,E,,2017,21.41510026,E,,2018,22.12484778,E
Chad,SDG 6.4.1. Services Water Use Efficiency (US$/m3),1992,34.84673948,E,,1997,25.40652655,E,,2002,25.458185,E,,2007,26.88298949,E,,2012,37.16802292,E,,2017,49.23288041,E,,2018,58.30080817,E
Chad,Irrigation potential (1000 hectares),1992,335,,,1997,335,,,2002,335,,,2007,335,,,2012,335,,,2017,335,I,,2018,335,I
Chad,Area equipped for full control irrigation: surface irrigation (1000 ha),1992,15.30571429,I,,1997,20.91285714,I,,2002,26.52,,,2007,26.52,I,,2012,26.52,I,,2017,26.52,I,,2018,26.52,I
Chad,Area equipped for full control irrigation: sprinkler irrigation (1000 ha),1992,3.358285714,I,,1997,3.556142857,I,,2002,3.754,,,2007,3.754,I,,2012,3.754,I,,2017,3.754,I,,2018,3.754,I
Chad,Area equipped for full control irrigation: localized irrigation (1000 ha),,,,,,,,,,,,,,,,,,,,,,,,,,,
Chad,Area equipped for full control irrigation: total (1000 ha),1992,18.664,I,,1997,24.469,I,,2002,30.274,E,,2007,30.274,I,,2012,30.274,I,,2017,30.274,I,,2018,30.274,I
Chad,Area equipped for full control irrigation: actually irrigated (1000 ha),1992,16.67857143,I,,1997,21.43928571,I,,2002,26.2,,,2007,26.2,I,,2012,26.2,I,,2017,26.2,I,,2018,26.2,I
Chad,% of area equipped for full control irrigation actually irrigated (%),1992,89.36225583,E,,1997,87.61815241,E,,2002,86.54290811,E,,2007,86.54290811,I,,2012,86.54290811,I,,2017,86.54290811,I,,2018,86.54290811,I
Chad,Area equipped for irrigation: equipped lowland areas (1000 ha),,,,,,,,,,,,,,,,,,,,,,,,,,,
Chad,Area equipped for irrigation: spate irrigation (1000 ha),,,,,,,,,,,,,,,,,,,,,,,,,,,
Chad,Area equipped for irrigation: total (1000 ha),1992,18.664,I,,1997,24.469,I,,2002,30.274,E,,2007,30.274,I,,2012,30.274,I,,2017,30.274,I,,2018,30.274,I
Chad,% of the area equipped for irrigation managed by women (%),,,,,,,,,,,,,,,,,,,,,,,,,,,
Chad,% of the agricultural holdings with irrigation managed by women (%),,,,,,,,,,,,,,,,,,,,,,,,,,,
Chad,Area equipped for irrigation: actually irrigated (1000 ha),1992,16.67857143,I,,1997,21.43928571,I,,2002,26.2,E,,2007,26.2,I,,2012,26.2,I,,2017,26.2,I,,2018,26.2,I
Chad,% of the area equipped for irrigation actually irrigated (%),1992,89.36225583,E,,1997,87.61815241,E,,2002,86.54290811,E,,2007,86.54290811,I,,2012,86.54290811,I,,2017,86.54290811,I,,2018,86.54290811,I
Chad,% of the cultivated area equipped for irrigation (%),1992,0.553827893,E,,1997,0.674077135,E,,2002,0.811635389,E,,2007,0.770134826,E,,2012,0.646189968,E,,2017,0.57796869,E,,2018,0.57796869,E
Chad,% of irrigation potential equipped for irrigation (%),1992,5.571343284,I,,1997,7.304179105,I,,2002,9.037014925,E,,2007,9.037014925,I,,2012,9.037014925,I,,2017,9.037014925,I,,2018,9.037014925,I
Chad,Flood recession cropping area non-equipped (1000 ha),1992,91.42857143,I,,1997,108.2142857,I,,2002,125,E,,2007,125,I,,2012,125,I,,2017,125,I,,2018,125,I
Chad,Cultivated wetlands and inland valley bottoms non-equipped (1000 ha),1992,21.4,I,,1997,21.4,I,,2002,21.4,I,,2007,21.4,I,,2012,21.4,I,,2017,21.4,I,,2018,21.4,I
Chad,Total agricultural water managed area (1000 ha),1992,131.4925714,E,,1997,154.0832857,E,,2002,176.674,E,,2007,176.674,E,,2012,176.674,E,,2017,176.674,E,,2018,176.674,E
Chad,% of agricultural water managed area equipped for irrigation (%),1992,14.19395772,E,,1997,15.88037267,E,,2002,17.13551513,E,,2007,17.13551513,E,,2012,17.13551513,E,,2017,17.13551513,E,,2018,17.13551513,E
Chad,Area equipped for irrigation by surface water (1000 ha),,,,,,,,,2002,24.27,E,,2007,24.27,I,,2012,24.27,I,,2017,24.27,I,,2018,24.27,I
Chad,Area equipped for irrigation by groundwater (1000 ha),,,,,,,,,2002,6,E,,2007,6,I,,2012,6,I,,2017,6,I,,2018,6,I
Chad,Area equipped for irrigation by mixed surface water and groundwater (1000 ha),,,,,,,,,,,,,,,,,,,,,,,,,,,
Chad,Area equipped for irrigation by direct use of treated municipal wastewater (1000 ha),,,,,,,,,,,,,,,,,,,,,,,,,,,
Chad,Area equipped for irrigation by direct use of non-treated municipal wastewater  (1000 ha),,,,,,,,,,,,,,,,,,,,,,,,,,,
Chad,Area equipped for irrigation by direct use of agricultural drainage water (1000 ha),,,,,,,,,,,,,,,,,,,,,,,,,,,
Chad,Area equipped for irrigation by desalinated water (1000 ha),,,,,,,,,,,,,,,,,,,,,,,,,,,
Chad,% of area equipped for irrigation by surface water (%),,,,,,,,,2002,80.16780075,E,,2007,80.16780075,I,,2012,80.16780075,I,,2017,80.16780075,I,,2018,80.16780075,I
Chad,% of area equipped for irrigation by groundwater  (%),,,,,,,,,2002,19.81898659,E,,2007,19.81898659,I,,2012,19.81898659,I,,2017,19.81898659,I,,2018,19.81898659,I
Chad,% of area equipped for irrigation by mixed surface water and groundwater (%),,,,,,,,,,,,,,,,,,,,,,,,,,,
Chad,% of area equipped for irrigation by direct use of  treated municipal wastewater (%),,,,,,,,,,,,,,,,,,,,,,,,,,,
Chad,% of area equipped for irrigation by direct use of non-treated municipal wastewater (%),,,,,,,,,,,,,,,,,,,,,,,,,,,
Chad,% of area equipped for irrigation by direct use of agricultural drainage water  (%),,,,,,,,,,,,,,,,,,,,,,,,,,,
Chad,% of area equipped for irrigation by desalinated water (%),,,,,,,,,,,,,,,,,,,,,,,,,,,
Chad,Total harvested irrigated crop area (full control irrigation) (1000 ha),,,,,,,,,2002,26.8,E,,2007,26.8,I,,2012,26.8,I,,2017,26.8,I,,2018,26.8,I
Chad,Harvested irrigated temporary crop area: Total (1000 ha),,,,,,,,,2002,26.8,E,,2007,26.8,I,,2012,26.8,I,,2017,26.8,I,,2018,26.8,I
Chad,Harvested irrigated permanent crop area: Total (1000 ha),,,,,,,,,,,,,,,,,,,,,,,,,,,
Chad,Permanent meadows and pastures irrigated (1000 ha),,,,,,,,,,,,,,,,,,,,,,,,,,,
Chad,Irrigated cropping intensity (%),,,,,,,,,2002,102.2900763,E,,2007,102.2900763,I,,2012,102.2900763,I,,2017,102.2900763,I,,2018,102.2900763,I
Chad,Harvested irrigated temporary crop area: Wheat (1000 ha),,,,,,,,,2002,2,E,,2007,2,I,,2012,2,I,,2017,2,I,,2018,2,I
Chad,Harvested irrigated temporary crop area: Rice (1000 ha),,,,,,,,,2002,10,E,,2007,10,I,,2012,10,I,,2017,10,I,,2018,10,I
Chad,Harvested irrigated temporary crop area: Barley (1000 ha),,,,,,,,,,,,,,,,,,,,,,,,,,,
Chad,Harvested irrigated temporary crop area: Maize (1000 ha),,,,,,,,,2002,6,E,,2007,6,I,,2012,6,I,,2017,6,I,,2018,6,I
Chad,Harvested irrigated temporary crop area: Millet (1000 ha),,,,,,,,,2002,3,E,,2007,3,I,,2012,3,I,,2017,3,I,,2018,3,I
Chad,Harvested irrigated temporary crop area: Sorghum (1000 ha),,,,,,,,,,,,,,,,,,,,,,,,,,,
Chad,Harvested irrigated temporary crop area: Other cereals (1000 ha),,,,,,,,,,,,,,,,,,,,,,,,,,,
Chad,Harvested irrigated temporary crop area: Vegetables (1000 ha),,,,,,,,,2002,2,E,,2007,2,I,,2012,2,I,,2017,2,I,,2018,2,I
Chad,Harvested irrigated temporary crop area: Soybeans (1000 ha),,,,,,,,,,,,,,,,,,,,,,,,,,,
Chad,Harvested irrigated temporary crop area: Groundnuts (1000 ha),,,,,,,,,,,,,,,,,,,,,,,,,,,
Chad,Harvested irrigated temporary crop area: Sesame (1000 ha),,,,,,,,,,,,,,,,,,,,,,,,,,,
Chad,Harvested irrigated temporary crop area: Sunflower (1000 ha),,,,,,,,,,,,,,,,,,,,,,,,,,,
Chad,Harvested irrigated temporary crop area: Potatoes (1000 ha),,,,,,,,,,,,,,,,,,,,,,,,,,,
Chad,Harvested irrigated temporary crop area: Sweet potatoes (1000 ha),,,,,,,,,2002,0.05,E,,2007,0.05,I,,2012,0.05,I,,2017,0.05,I,,2018,0.05,I
Chad,Harvested irrigated temporary crop area: Cassava (1000 ha),,,,,,,,,,,,,,,,,,,,,,,,,,,
Chad,Harvested irrigated temporary crop area: Other roots and tubers (1000 ha),,,,,,,,,,,,,,,,,,,,,,,,,,,
Chad,Harvested irrigated temporary crop area: Leguminous crops (1000 ha),,,,,,,,,,,,,,,,,,,,,,,,,,,
Chad,Harvested irrigated temporary crop area: Sugar beet (1000 ha),,,,,,,,,,,,,,,,,,,,,,,,,,,
Chad,Harvested irrigated temporary crop area: Sugarcane (1000 ha),,,,,,,,,2002,3.754,E,,2007,3.754,I,,2012,3.754,I,,2017,3.754,I,,2018,3.754,I
Chad,Harvested irrigated temporary crop area: Fodder (1000 ha),,,,,,,,,,,,,,,,,,,,,,,,,,,
Chad,Harvested irrigated temporary crop area: Cotton (1000 ha),,,,,,,,,,,,,,,,,,,,,,,,,,,
Chad,Harvested irrigated temporary crop area: Flowers (1000 ha),,,,,,,,,,,,,,,,,,,,,,,,,,,
Chad,Harvested irrigated temporary crop area: Tobacco (1000 ha),,,,,,,,,,,,,,,,,,,,,,,,,,,
Chad,Harvested irrigated temporary crop area: Other crops (1000 ha),,,,,,,,,,,,,,,,,,,,,,,,,,,
Chad,Harvested irrigated permanent crop area: Plantains (1000 ha),,,,,,,,,,,,,,,,,,,,,,,,,,,
Chad,Harvested irrigated permanent crop area: Bananas (1000 ha),,,,,,,,,,,,,,,,,,,,,,,,,,,
Chad,Harvested irrigated permanent crop area: Citrus (1000 ha),,,,,,,,,,,,,,,,,,,,,,,,,,,
Chad,Harvested irrigated permanent crop area: Grapes (1000 ha),,,,,,,,,,,,,,,,,,,,,,,,,,,
Chad,Harvested irrigated permanent crop area: Other fruits (1000 ha),,,,,,,,,,,,,,,,,,,,,,,,,,,
Chad,Harvested irrigated permanent crop area: Coconuts (1000 ha),,,,,,,,,,,,,,,,,,,,,,,,,,,
Chad,Harvested irrigated permanent crop area: Olives (1000 ha),,,,,,,,,,,,,,,,,,,,,,,,,,,
Chad,Harvested irrigated permanent crop area: Oil palm (1000 ha),,,,,,,,,,,,,,,,,,,,,,,,,,,
Chad,Harvested irrigated permanent crop area: Coffee (1000 ha),,,,,,,,,,,,,,,,,,,,,,,,,,,
Chad,Harvested irrigated permanent crop area: Tea (1000 ha),,,,,,,,,,,,,,,,,,,,,,,,,,,
Chad,Harvested irrigated permanent crop area: Cocoa beans (1000 ha),,,,,,,,,,,,,,,,,,,,,,,,,,,
Chad,Harvested irrigated permanent crop area: Grass and Fodder (1000 ha),,,,,,,,,,,,,,,,,,,,,,,,,,,
Chad,Harvested irrigated permanent crop area: Rubber (1000 ha),,,,,,,,,,,,,,,,,,,,,,,,,,,
Chad,Harvested irrigated permanent crop area: Other crops (1000 ha),,,,,,,,,,,,,,,,,,,,,,,,,,,
Chad,% of total grain production irrigated (%),,,,,,,,,,,,,,,,,,,,,,,,,,,
Chad,Ratio between rainfed and irrigated yields (-),1992,1.382,E,,1997,1.382,E,,2002,1.382,E,,2007,1.382,I,,2012,1.382,E,,2017,1.382,I,,2018,1.382,I
,,,,,,,,,,,,,,,,,,,,,,,,,,,,
,,,1988-1992,,,,1993-1997,,,,1998-2002,,,,2003-2007,,,,2008-2012,,,,2013-2017,,,,2018-2022,
Niger,Agricultural water withdrawal (10^9 m3/year),1992,0.468,I,,1997,0.5405,I,,2002,0.613,I,,2007,0.804833333,I,,2012,1.175666667,I,,2017,1.536,I,,2018,1.536,I
Niger,Industrial water withdrawal (km<sup>3</sup>/year or 10<sup>9</sup>m<sup>3</sup>/year),1992,0.016133333,I,,1997,0.0238,I,,2002,0.03012,I,,2007,0.027271429,I,,2012,0.0137,,[14],2017,0.036,,,2018,0.036,I
Niger,Municipal water withdrawal (km<sup>3</sup>/year or 10<sup>9</sup>m<sup>3</sup>/year),1992,0.138466667,I,,1997,0.21155,I,,2002,0.271,I,,2007,0.227914286,I,,2012,0.0617,,,2017,0.1789,,,2018,0.1789,I
Niger,Total water withdrawal (10^9 m3/yr),1992,0.6226,E,,1997,0.77585,E,,2002,0.91412,E,,2007,1.060019048,E,,2012,1.251066667,E,,2017,1.7509,E,,2018,1.7509,E
Niger,Irrigation water withdrawal (10^9 m3/yr),,,,,,,,,,,,,2007,0.7695,I,,2012,1.052,I,,2017,1.366,,,2018,1.366,I
Niger,Irrigation water requirement (km<sup>3</sup>/year or 10<sup>9</sup>m<sup>3</sup>/year),,,,,1997,0.2012,E,,2002,0.2012,I,,2007,0.2012,I,,2012,0.2012,I,,2017,0.2012,I,,2018,0.2012,I
Niger,Agricultural water withdrawal as % of total water withdrawal (%),1992,75.16864761,E,,1997,69.66552813,E,,2002,67.05902945,E,,2007,75.9263086,E,,2012,93.97314292,E,,2017,87.72631218,E,,2018,87.72631218,E
Niger,Industrial water withdrawal as % of total water withdrawal (%),1992,2.591283863,E,,1997,3.067603274,E,,2002,3.294972214,E,,2007,2.57273005,E,,2012,1.095065544,E,,2017,2.056085442,E,,2018,2.056085442,E
Niger,Municipal water withdrawal as % of total withdrawal (%),1992,22.24006853,E,,1997,27.2668686,E,,2002,29.64599834,E,,2007,21.50096135,E,,2012,4.931791538,E,,2017,10.21760238,E,,2018,10.21760238,E
Niger,Total water withdrawal per capita (m<sup>3</sup>/year per inhabitant),1992,72.67616616,E,,1997,76.22663376,E,,2002,74.9894401,E,,2007,72.18183501,E,,2012,70.30356296,E,,2017,81.05124703,E,,2018,78.01603559,E
Niger,Environmental Flow Requirements (10^9 m3/year),1992,10.61,X,[15],1997,10.61,X,[16],2002,10.61,X,[17],2007,10.61,X,[18],2012,10.61,X,[19],2017,10.61,X,[20],2018,10.61,X
Niger,Fresh surface water withdrawal (10^9 m3/yr),1992,0.049103059,I,,1997,0.060481882,I,,2002,0.071860706,I,,2007,0.088072889,I,,2012,0.111535111,I,,2017,0.139776,I,,2018,0.139776,I
Niger,Fresh groundwater withdrawal (10^9 m3/yr),1992,0.564685177,I,,1997,0.695541647,I,,2002,0.826398118,I,,2007,1.012838222,I,,2012,1.282653778,I,,2017,1.607424,I,,2018,1.607424,I
Niger,Total freshwater withdrawal (10^9 m3/yr),1992,0.613788235,I,,1997,0.756023529,I,,2002,0.898258824,I,,2007,1.100911111,I,,2012,1.394188889,I,,2017,1.7472,I,,2018,1.7472,I
Niger,Desalinated water produced (km<sup>3</sup>/year or 10<sup>9</sup>m<sup>3</sup>/year),,,,,,,,,,,,,,,,,,,,,,,,,,,
Niger,Direct use of treated municipal wastewater (10^9 m3/yr),,,,,,,,,,,,,,,,,,,,,,,,,,,
Niger,Direct use of agricultural drainage water (10^9 m3/yr),,,,,,,,,,,,,,,,,,,,,,,,,,,
Niger,Produced municipal wastewater (km<sup>3</sup>/year or 10^9m<sup>3</sup>/year),,,,,,,,,,,,,2007,0.0355,,[21],2012,0.0396,I,,2017,0.0396,I,,2018,0.0396,I
Niger,Collected municipal wastewater (km<sup>3</sup>/year or 10^9m<sup>3</sup>/year),,,,,,,,,,,,,,,,,,,,,,,,,,,
Niger,Treated municipal wastewater (km<sup>3</sup>/year or 10^9m<sup>3</sup>/year),,,,,,,,,,,,,,,,,,,,,,,,,,,
Niger,Number of municipal wastewater treatment facilities (-),,,,,,,,,,,,,,,,,,,,,,,,,,,
Niger,Capacity of the municipal wastewater treatment facilities (10^9 m3/yr),,,,,,,,,,,,,,,,,,,,,,,,,,,
Niger,Not treated municipal wastewater (km<sup>3</sup>/year or 10^9m<sup>3</sup>/year),,,,,,,,,,,,,,,,,,,,,,,,,,,
Niger,Treated municipal wastewater discharged (secondary water) (km<sup>3</sup>/year or 10^9m<sup>3</sup>/year),,,,,,,,,,,,,,,,,,,,,,,,,,,
Niger,Not treated municipal wastewater discharged (secondary water) (km<sup>3</sup>/year or 10^9m<sup>3</sup>/year),,,,,,,,,,,,,,,,,,,,,,,,,,,
Niger,Direct use of treated municipal wastewater (km<sup>3</sup>/year or 10^9m<sup>3</sup>/year),,,,,,,,,,,,,,,,,,,,,,,,,,,
Niger,Direct use of treated municipal wastewater for irrigation purposes (km<sup>3</sup>/year or 10^9m<sup>3</sup>/year),,,,,,,,,,,,,,,,,,,,,,,,,,,
Niger,Direct use of not treated municipal wastewater for irrigation purposes (km<sup>3</sup>/year or 10^9m<sup>3</sup>/year),,,,,,,,,,,,,,,,,,,,,,,,,,,
Niger,Area equipped for irrigation by direct use of treated municipal wastewater (1000 ha),,,,,,,,,,,,,,,,,,,,,,,,,,,
Niger,Area equipped for irrigation by direct use of not treated municipal wastewater (1000 ha),,,,,,,,,,,,,,,,,,,,,,,,,,,
Niger,MDG 7.5. Freshwater withdrawal as % of total renewable water resources (%),1992,1.802608621,E,,1997,2.22033342,E,,2002,2.638058219,E,,2007,3.233219122,I,,2012,4.094534182,I,,2017,5.131277533,I,,2018,5.131277533,I
Niger,Agricultural water withdrawal as % of total renewable water resources (%),1992,1.374449339,I,,1997,1.587371513,I,,2002,1.800293686,I,,2007,2.363680862,I,,2012,3.452765541,I,,2017,4.511013216,I,,2018,4.511013216,I
Niger,SDG 6.4.2. Water Stress (%),1992,2.618550492,E,,1997,3.225356354,E,,2002,3.832162216,E,,2007,4.696719757,E,,2012,5.947904816,E,,2017,7.453924915,E,,2018,7.453924915,E
Niger,SDG 6.4.1. Water Use Efficiency (US$/m3),,,,,1997,3.437007294,I,,2002,3.002343978,I,,2007,3.279785357,I,,2012,4.086002851,I,,2017,3.603975977,E,,2018,3.666555733,E
Niger,SDG 6.4.1. Irrigated Agriculture Water Use Efficiency (US$/m3),,,,,1997,0.007110238,E,,2002,0.009679063,E,,2007,0.007485934,E,,2012,0.004759989,E,,2017,0.004195958,E,,2018,0.004792857,E
Niger,SDG 6.4.1. Industrial Water Use Efficiency (US$/m3),1992,33.48074392,E,,1997,24.98550052,E,,2002,19.81407435,E,,2007,31.89844543,E,,2012,141.7721943,E,,2017,55.53510082,E,,2018,52.55974886,E
Niger,SDG 6.4.1. Services Water Use Efficiency (US$/m3),1992,13.30532996,E,,1997,9.775958938,E,,2002,7.903208456,E,,2007,11.41084174,E,,2012,51.28017413,E,,2017,24.0608883,E,,2018,25.2669628,E
Niger,Irrigation potential (1000 hectares),1992,270,,,1997,270,,,2002,270,,,2007,270,,,2012,270,,,2017,270,I,,2018,270,I
Niger,Area equipped for full control irrigation: surface irrigation (1000 ha),,,,,,,,,,,,,,,,,2012,12.82666667,I,,2017,15.34,,,2018,15.34,I
Niger,Area equipped for full control irrigation: sprinkler irrigation (1000 ha),,,,,,,,,,,,,,,,,,,,,,,,,,,
Niger,Area equipped for full control irrigation: localized irrigation (1000 ha),,,,,,,,,,,,,,,,,,,,,2017,0.1,,,2018,0.1,I
Niger,Area equipped for full control irrigation: total (1000 ha),1992,8.353636364,I,,1997,11.47636364,I,,2002,13.474,I,,2007,13.68666667,I,,2012,12.82666667,E,,2017,15.44,E,,2018,15.44,I
Niger,Area equipped for full control irrigation: actually irrigated (1000 ha),,,,,,,,,,,,,2007,11.94,I,,2012,9.62,I,,2017,13.5,,,2018,13.5,I
Niger,% of area equipped for full control irrigation actually irrigated (%),,,,,,,,,,,,,2007,87.23818802,E,,2012,75,E,,2017,87.43523316,E,,2018,87.43523316,I
Niger,Area equipped for irrigation: equipped lowland areas (1000 ha),1992,60,I,,1997,60,I,,2002,60,I,,2007,70.46,I,,2012,86.15,I,,2017,86.15,I,,2018,86.15,I
Niger,Area equipped for irrigation: spate irrigation (1000 ha),,,,,,,,,,,,,,,,,,,,,,,,,,,
Niger,Area equipped for irrigation: total (1000 ha),1992,68.35363636,I,,1997,71.47636364,I,,2002,73.474,I,,2007,84.14666667,E,,2012,98.97666667,E,,2017,101.59,E,,2018,101.59,E
Niger,% of the area equipped for irrigation managed by women (%),,,,,,,,,,,,,,,,,,,,,,,,,,,
Niger,% of the agricultural holdings with irrigation managed by women (%),,,,,,,,,,,,,,,,,,,,,,,,,,,
Niger,Area equipped for irrigation: actually irrigated (1000 ha),,,,,,,,,2002,65.424,I,,2007,74.514,I,,2012,87.87,I,,2017,87.87,I,,2018,87.87,I
Niger,% of the area equipped for irrigation actually irrigated (%),,,,,,,,,2002,89.0436966,I,,2007,88.55252733,E,,2012,88.77849998,E,,2017,86.49473373,E,,2018,86.49473373,E
Niger,% of the cultivated area equipped for irrigation (%),1992,0.525797203,E,,1997,0.510545455,E,,2002,0.524814286,E,,2007,0.560977778,E,,2012,0.618604167,E,,2017,0.570153777,E,,2018,0.570153777,E
Niger,% of irrigation potential equipped for irrigation (%),1992,25.31616162,I,,1997,26.47272727,I,,2002,27.21259259,I,,2007,31.1654321,E,,2012,36.65802469,E,,2017,37.62592593,E,,2018,37.62592593,E
Niger,Flood recession cropping area non-equipped (1000 ha),1992,12,I,,1997,12,I,,2002,12,I,,2007,12,I,,2012,24.4,I,,2017,36.8,I,,2018,36.8,I
Niger,Cultivated wetlands and inland valley bottoms non-equipped (1000 ha),,,,,,,,,,,,,,,,,,,,,,,,,,,
Niger,Total agricultural water managed area (1000 ha),1992,80.35363636,I,,1997,83.47636364,I,,2002,85.474,I,,2007,96.14666667,E,,2012,123.3766667,E,,2017,138.39,E,,2018,138.39,E
Niger,% of agricultural water managed area equipped for irrigation (%),1992,85.066015,E,,1997,85.62467329,E,,2002,85.96059871,I,,2007,87.51906809,E,,2012,80.22316483,E,,2017,73.40848327,E,,2018,73.40848327,E
Niger,Area equipped for irrigation by surface water (1000 ha),,,,,,,,,,,,,2007,72.29,I,,2012,72.29,I,,2017,72.29,I,,2018,72.29,I
Niger,Area equipped for irrigation by groundwater (1000 ha),,,,,,,,,,,,,2007,1.371,I,,2012,1.371,I,,2017,1.371,I,,2018,1.371,I
Niger,Area equipped for irrigation by mixed surface water and groundwater (1000 ha),,,,,,,,,,,,,,,,,,,,,,,,,,,
Niger,Area equipped for irrigation by direct use of treated municipal wastewater (1000 ha),,,,,,,,,,,,,,,,,,,,,,,,,,,
Niger,Area equipped for irrigation by direct use of non-treated municipal wastewater  (1000 ha),,,,,,,,,,,,,,,,,,,,,,,,,,,
Niger,Area equipped for irrigation by direct use of agricultural drainage water (1000 ha),,,,,,,,,,,,,,,,,,,,,,,,,,,
Niger,Area equipped for irrigation by desalinated water (1000 ha),,,,,,,,,,,,,,,,,,,,,,,,,,,
Niger,% of area equipped for irrigation by surface water (%),,,,,,,,,,,,,2007,85.90952306,E,,2012,73.03741623,E,,2017,71.1585786,E,,2018,71.1585786,E
Niger,% of area equipped for irrigation by groundwater  (%),,,,,,,,,,,,,2007,1.629298051,E,,2012,1.385174957,E,,2017,1.349542278,E,,2018,1.349542278,E
Niger,% of area equipped for irrigation by mixed surface water and groundwater (%),,,,,,,,,,,,,,,,,,,,,,,,,,,
Niger,% of area equipped for irrigation by direct use of  treated municipal wastewater (%),,,,,,,,,,,,,,,,,,,,,,,,,,,
Niger,% of area equipped for irrigation by direct use of non-treated municipal wastewater (%),,,,,,,,,,,,,,,,,,,,,,,,,,,
Niger,% of area equipped for irrigation by direct use of agricultural drainage water  (%),,,,,,,,,,,,,,,,,,,,,,,,,,,
Niger,% of area equipped for irrigation by desalinated water (%),,,,,,,,,,,,,,,,,,,,,,,,,,,
Niger,Total harvested irrigated crop area (full control irrigation) (1000 ha),,,,,1997,19.28,,,2002,18.73357143,I,,2007,18.18714286,I,,2012,14.4,I,,2017,13.5,,,2018,13.5,I
Niger,Harvested irrigated temporary crop area: Total (1000 ha),,,,,1997,19.28,,,2002,18.73357143,I,,2007,18.18714286,I,,2012,17.75,I,,2017,17.75,I,,2018,17.75,I
Niger,Harvested irrigated permanent crop area: Total (1000 ha),,,,,,,,,,,,,,,,,,,,,,,,,,,
Niger,Permanent meadows and pastures irrigated (1000 ha),,,,,,,,,,,,,,,,,,,,,,,,,,,
Niger,Irrigated cropping intensity (%),,,,,,,,,,,,,2007,152.3211295,E,,2012,149.6881497,E,,2017,100,E,,2018,100,I
Niger,Harvested irrigated temporary crop area: Wheat (1000 ha),1992,0.94,I,,1997,0.79,,,2002,0.580357143,I,,2007,0.370714286,I,,2012,0.203,I,,2017,0.203,I,,2018,0.203,I
Niger,Harvested irrigated temporary crop area: Rice (1000 ha),1992,24.77428571,I,,1997,14.21,,,2002,13.97071429,I,,2007,13.73142857,I,,2012,13.54,I,,2017,13.54,I,,2018,13.54,I
Niger,Harvested irrigated temporary crop area: Barley (1000 ha),,,,,,,,,,,,,,,,,,,,,,,,,,,
Niger,Harvested irrigated temporary crop area: Maize (1000 ha),,,,,,,,,,,,,,,,,2012,0.419,I,,2017,0.419,I,,2018,0.419,I
Niger,Harvested irrigated temporary crop area: Millet (1000 ha),,,,,,,,,,,,,,,,,2012,1.194,I,,2017,1.194,I,,2018,1.194,I
Niger,Harvested irrigated temporary crop area: Sorghum (1000 ha),,,,,,,,,,,,,,,,,2012,1.543,I,,2017,1.543,I,,2018,1.543,I
Niger,Harvested irrigated temporary crop area: Other cereals (1000 ha),,,,,1997,2.215,,,2002,2.215,I,,2007,2.215,I,,2012,2.215,I,,2017,2.215,I,,2018,2.215,I
Niger,Harvested irrigated temporary crop area: Vegetables (1000 ha),,,,,1997,0.419,,,2002,0.3265,I,,2007,0.234,I,,2012,0.16,I,,2017,0.16,I,,2018,0.16,I
Niger,Harvested irrigated temporary crop area: Soybeans (1000 ha),,,,,,,,,,,,,,,,,,,,,,,,,,,
Niger,Harvested irrigated temporary crop area: Groundnuts (1000 ha),,,,,,,,,,,,,,,,,,,,,,,,,,,
Niger,Harvested irrigated temporary crop area: Sesame (1000 ha),,,,,,,,,,,,,,,,,,,,,,,,,,,
Niger,Harvested irrigated temporary crop area: Sunflower (1000 ha),,,,,,,,,,,,,,,,,,,,,,,,,,,
Niger,Harvested irrigated temporary crop area: Potatoes (1000 ha),,,,,,,,,,,,,,,,,,,,,,,,,,,
Niger,Harvested irrigated temporary crop area: Sweet potatoes (1000 ha),,,,,,,,,,,,,,,,,2012,0.064,I,,2017,0.064,I,,2018,0.064,I
Niger,Harvested irrigated temporary crop area: Cassava (1000 ha),,,,,,,,,,,,,,,,,2012,0.146,I,,2017,0.146,I,,2018,0.146,I
Niger,Harvested irrigated temporary crop area: Other roots and tubers (1000 ha),,,,,,,,,,,,,,,,,,,,,,,,,,,
Niger,Harvested irrigated temporary crop area: Leguminous crops (1000 ha),,,,,,,,,,,,,,,,,2012,0.01,I,,2017,0.01,I,,2018,0.01,I
Niger,Harvested irrigated temporary crop area: Sugar beet (1000 ha),,,,,,,,,,,,,,,,,,,,,,,,,,,
Niger,Harvested irrigated temporary crop area: Sugarcane (1000 ha),,,,,,,,,,,,,,,,,2012,0.053,I,,2017,0.053,I,,2018,0.053,I
Niger,Harvested irrigated temporary crop area: Fodder (1000 ha),,,,,,,,,,,,,,,,,,,,,,,,,,,
Niger,Harvested irrigated temporary crop area: Cotton (1000 ha),1992,2.255428571,I,,1997,1.644,,,2002,1.205071429,I,,2007,0.766142857,I,,2012,0.415,I,,2017,0.415,I,,2018,0.415,I
Niger,Harvested irrigated temporary crop area: Flowers (1000 ha),,,,,,,,,,,,,,,,,,,,,,,,,,,
Niger,Harvested irrigated temporary crop area: Tobacco (1000 ha),,,,,,,,,,,,,,,,,,,,,,,,,,,
Niger,Harvested irrigated temporary crop area: Other crops (1000 ha),,,,,,,,,,,,,,,,,,,,,,,,,,,
Niger,Harvested irrigated permanent crop area: Plantains (1000 ha),,,,,,,,,,,,,,,,,,,,,,,,,,,
Niger,Harvested irrigated permanent crop area: Bananas (1000 ha),,,,,,,,,,,,,,,,,,,,,,,,,,,
Niger,Harvested irrigated permanent crop area: Citrus (1000 ha),,,,,,,,,,,,,,,,,,,,,,,,,,,
Niger,Harvested irrigated permanent crop area: Grapes (1000 ha),,,,,,,,,,,,,,,,,,,,,,,,,,,
Niger,Harvested irrigated permanent crop area: Other fruits (1000 ha),,,,,,,,,,,,,,,,,,,,,,,,,,,
Niger,Harvested irrigated permanent crop area: Coconuts (1000 ha),,,,,,,,,,,,,,,,,,,,,,,,,,,
Niger,Harvested irrigated permanent crop area: Olives (1000 ha),,,,,,,,,,,,,,,,,,,,,,,,,,,
Niger,Harvested irrigated permanent crop area: Oil palm (1000 ha),,,,,,,,,,,,,,,,,,,,,,,,,,,
Niger,Harvested irrigated permanent crop area: Coffee (1000 ha),,,,,,,,,,,,,,,,,,,,,,,,,,,
Niger,Harvested irrigated permanent crop area: Tea (1000 ha),,,,,,,,,,,,,,,,,,,,,,,,,,,
Niger,Harvested irrigated permanent crop area: Cocoa beans (1000 ha),,,,,,,,,,,,,,,,,,,,,,,,,,,
Niger,Harvested irrigated permanent crop area: Grass and Fodder (1000 ha),,,,,,,,,,,,,,,,,,,,,,,,,,,
Niger,Harvested irrigated permanent crop area: Rubber (1000 ha),,,,,,,,,,,,,,,,,,,,,,,,,,,
Niger,Harvested irrigated permanent crop area: Other crops (1000 ha),,,,,,,,,,,,,,,,,,,,,,,,,,,
Niger,% of total grain production irrigated (%),,,,,,,,,,,,,,,,,,,,,,,,,,,
Niger,Ratio between rainfed and irrigated yields (-),1992,2.206,E,,1997,2.206,E,,2002,2.206,E,,2007,2.206,I,,2012,2.206,E,,2017,2.206,I,,2018,2.206,I
,,,,,,,,,,,,,,,,,,,,,,,,,,,,
,,,1988-1992,,,,1993-1997,,,,1998-2002,,,,2003-2007,,,,2008-2012,,,,2013-2017,,,,2018-2022,
Nigeria,Agricultural water withdrawal (10^9 m3/year),1992,4.531538462,I,,1997,5.143076923,I,,2002,5.51,I,,2007,5.51,I,,2012,5.51,I,,2017,5.51,I,,2018,5.51,I
Nigeria,Industrial water withdrawal (km<sup>3</sup>/year or 10<sup>9</sup>m<sup>3</sup>/year),1992,0.933076923,I,,1997,1.321153846,I,,2002,1.7184,I,,2007,1.965,I,,2012,1.965,I,,2017,1.965,I,,2018,1.965,I
Nigeria,Municipal water withdrawal (km<sup>3</sup>/year or 10<sup>9</sup>m<sup>3</sup>/year),1992,1.939230769,I,,1997,2.753461539,I,,2002,3.5848,I,,2007,4.4594,I,,2012,5,I,,2017,5,I,,2018,5,I
Nigeria,Total water withdrawal (10^9 m3/yr),1992,7.403846154,I,,1997,9.217692308,I,,2002,10.8132,E,,2007,11.9344,E,,2012,12.475,I,,2017,12.475,I,,2018,12.475,I
Nigeria,Irrigation water withdrawal (10^9 m3/yr),,,,,,,,,,,,,2007,5.798,I,,2012,4.549,I,,2017,4.549,I,,2018,4.549,I
Nigeria,Irrigation water requirement (km<sup>3</sup>/year or 10<sup>9</sup>m<sup>3</sup>/year),,,,,,,,,,,,,2007,1.695,I,,2012,1.695,I,,2017,1.695,I,,2018,1.695,I
Nigeria,Agricultural water withdrawal as % of total water withdrawal (%),1992,61.20519481,E,,1997,55.79571059,E,,2002,50.95623867,E,,2007,46.16905751,E,,2012,44.16833667,I,,2017,44.16833667,I,,2018,44.16833667,I
Nigeria,Industrial water withdrawal as % of total water withdrawal (%),1992,12.6025974,E,,1997,14.33280481,E,,2002,15.89168794,E,,2007,16.46500871,E,,2012,15.75150301,I,,2017,15.75150301,I,,2018,15.75150301,I
Nigeria,Municipal water withdrawal as % of total withdrawal (%),1992,26.19220779,E,,1997,29.8714846,E,,2002,33.15207339,E,,2007,37.36593377,E,,2012,40.08016032,I,,2017,40.08016032,I,,2018,40.08016032,I
Nigeria,Total water withdrawal per capita (m<sup>3</sup>/year per inhabitant),1992,73.91892724,E,,1997,81.24345297,E,,2002,84.08654709,E,,2007,81.55256168,E,,2012,74.59839721,E,,2017,65.35751024,E,,2018,63.68867997,E
Nigeria,Environmental Flow Requirements (10^9 m3/year),1992,157.2,X,[22],1997,157.2,X,[23],2002,157.2,X,[24],2007,157.2,X,[25],2012,157.2,X,[26],2017,157.2,X,[27],2018,157.2,X
Nigeria,Fresh surface water withdrawal (10^9 m3/yr),,,,,,,,,,,,,,,,,,,,,,,,,,,
Nigeria,Fresh groundwater withdrawal (10^9 m3/yr),,,,,,,,,,,,,,,,,,,,,,,,,,,
Nigeria,Total freshwater withdrawal (10^9 m3/yr),1992,7.400846154,E,,1997,9.215384615,I,,2002,10.8102,E,,2007,11.9314,E,,2012,12.472,E,,2017,12.472,E,,2018,12.472,E
Nigeria,Desalinated water produced (km<sup>3</sup>/year or 10<sup>9</sup>m<sup>3</sup>/year),1992,0.003,I,,1997,0.003,I,,2002,0.003,I,,2007,0.003,I,,2012,0.003,I,,2017,0.003,I,,2018,0.003,I
Nigeria,Direct use of treated municipal wastewater (10^9 m3/yr),,,,,,,,,,,,,,,,,,,,,,,,,,,
Nigeria,Direct use of agricultural drainage water (10^9 m3/yr),,,,,,,,,,,,,,,,,,,,,,,,,,,
Nigeria,Produced municipal wastewater (km<sup>3</sup>/year or 10^9m<sup>3</sup>/year),,,,,,,,,,,,,,,,,,,,,,,,,,,
Nigeria,Collected municipal wastewater (km<sup>3</sup>/year or 10^9m<sup>3</sup>/year),,,,,,,,,,,,,,,,,,,,,,,,,,,
Nigeria,Treated municipal wastewater (km<sup>3</sup>/year or 10^9m<sup>3</sup>/year),,,,,,,,,,,,,,,,,,,,,,,,,,,
Nigeria,Number of municipal wastewater treatment facilities (-),,,,,,,,,,,,,,,,,,,,,,,,,,,
Nigeria,Capacity of the municipal wastewater treatment facilities (10^9 m3/yr),,,,,,,,,,,,,,,,,,,,,,,,,,,
Nigeria,Not treated municipal wastewater (km<sup>3</sup>/year or 10^9m<sup>3</sup>/year),,,,,,,,,,,,,,,,,,,,,,,,,,,
Nigeria,Treated municipal wastewater discharged (secondary water) (km<sup>3</sup>/year or 10^9m<sup>3</sup>/year),,,,,,,,,,,,,,,,,,,,,,,,,,,
Nigeria,Not treated municipal wastewater discharged (secondary water) (km<sup>3</sup>/year or 10^9m<sup>3</sup>/year),,,,,,,,,,,,,,,,,,,,,,,,,,,
Nigeria,Direct use of treated municipal wastewater (km<sup>3</sup>/year or 10^9m<sup>3</sup>/year),,,,,,,,,,,,,,,,,,,,,,,,,,,
Nigeria,Direct use of treated municipal wastewater for irrigation purposes (km<sup>3</sup>/year or 10^9m<sup>3</sup>/year),,,,,,,,,,,,,,,,,,,,,,,,,,,
Nigeria,Direct use of not treated municipal wastewater for irrigation purposes (km<sup>3</sup>/year or 10^9m<sup>3</sup>/year),,,,,,,,,,,,,,,,,,,,,,,,,,,
Nigeria,Area equipped for irrigation by direct use of treated municipal wastewater (1000 ha),,,,,,,,,,,,,,,,,,,,,,,,,,,
Nigeria,Area equipped for irrigation by direct use of not treated municipal wastewater (1000 ha),,,,,,,,,,,,,,,,,,,,,,,,,,,
Nigeria,MDG 7.5. Freshwater withdrawal as % of total renewable water resources (%),1992,2.585900124,E,,1997,3.219910767,I,,2002,3.777148847,E,,2007,4.168902865,E,,2012,4.357791754,E,,2017,4.357791754,E,,2018,4.357791754,E
Nigeria,Agricultural water withdrawal as % of total renewable water resources (%),1992,1.583346772,I,,1997,1.797021986,I,,2002,1.925227114,I,,2007,1.925227114,I,,2012,1.925227114,I,,2017,1.925227114,I,,2018,1.925227114,I
Nigeria,SDG 6.4.2. Water Stress (%),1992,5.737090042,E,,1997,7.143709004,E,,2002,8.38,E,,2007,9.249147287,E,,2012,9.668217054,E,,2017,9.668217054,E,,2018,9.668217054,E
Nigeria,SDG 6.4.1. Water Use Efficiency (US$/m3),,,,,,,,,2002,12.71385551,I,,2007,19.41617522,I,,2012,26.39741323,I,,2017,30.81603801,I,,2018,31.26515234,I
Nigeria,SDG 6.4.1. Irrigated Agriculture Water Use Efficiency (US$/m3),,,,,,,,,2002,0.171755212,E,,2007,0.153286721,E,,2012,0.193313383,E,,2017,0.219109025,E,,2018,0.227130815,E
Nigeria,SDG 6.4.1. Industrial Water Use Efficiency (US$/m3),1992,63.42691148,E,,1997,43.94567637,E,,2002,28.81878747,E,,2007,37.82838251,E,,2012,57.26955847,E,,2017,53.91388678,E,,2018,63.3832477,E
Nigeria,SDG 6.4.1. Services Water Use Efficiency (US$/m3),1992,34.96040273,E,,1997,22.15899056,E,,2002,24.27161536,E,,2007,35.10405437,E,,2012,43.14157819,E,,2017,55.4563992,E,,2018,52.84664057,E
Nigeria,Irrigation potential (1000 hectares),1992,2331,,,1997,2331,,,2002,2331,,,2007,2331,,,2012,2331,,,2017,2331,I,,2018,2331,I
Nigeria,Area equipped for full control irrigation: surface irrigation (1000 ha),,,,,,,,,,,,,2007,238.1,I,,2012,238.1,I,,2017,238.1,I,,2018,238.1,I
Nigeria,Area equipped for full control irrigation: sprinkler irrigation (1000 ha),,,,,,,,,,,,,2007,0.05,I,,2012,0.05,I,,2017,0.05,I,,2018,0.05,I
Nigeria,Area equipped for full control irrigation: localized irrigation (1000 ha),,,,,,,,,,,,,,,,,,,,,,,,,,,
Nigeria,Area equipped for full control irrigation: total (1000 ha),1992,221.3444444,I,,1997,230.0666667,I,,2002,236.725,I,,2007,238.15,E,,2012,238.15,E,,2017,238.15,E,,2018,238.15,E
Nigeria,Area equipped for full control irrigation: actually irrigated (1000 ha),,,,,,,,,,,,,2007,175.9,I,,2012,133,I,,2017,133,I,,2018,133,I
Nigeria,% of area equipped for full control irrigation actually irrigated (%),,,,,,,,,,,,,2007,73.86101197,E,,2012,55.84715515,E,,2017,55.84715515,E,,2018,55.84715515,E
Nigeria,Area equipped for irrigation: equipped lowland areas (1000 ha),1992,17.84444444,I,,1997,41.06666667,I,,2002,55,I,,2007,74,I,,2012,93,I,,2017,93,I,,2018,93,I
Nigeria,Area equipped for irrigation: spate irrigation (1000 ha),,,,,,,,,,,,,,,,,,,,,,,,,,,
Nigeria,Area equipped for irrigation: total (1000 ha),1992,239.1888889,I,,1997,271.1333333,I,,2002,291.725,I,,2007,312.15,E,,2012,331.15,E,,2017,331.15,E,,2018,331.15,E
Nigeria,% of the area equipped for irrigation managed by women (%),,,,,,,,,,,,,,,,,,,,,,,,,,,
Nigeria,% of the agricultural holdings with irrigation managed by women (%),,,,,,,,,,,,,,,,,,,,,,,,,,,
Nigeria,Area equipped for irrigation: actually irrigated (1000 ha),1992,177.7666667,I,,1997,205.1,I,,2002,220.15,I,,2007,218.8,I,,2012,218.8,I,,2017,218.8,I,,2018,218.8,I
Nigeria,% of the area equipped for irrigation actually irrigated (%),1992,74.32062062,E,,1997,75.6454389,E,,2002,75.46490702,E,,2007,70.09450585,E,,2012,66.07277669,E,,2017,66.07277669,E,,2018,66.07277669,E
Nigeria,% of the cultivated area equipped for irrigation (%),1992,0.693301127,E,,1997,0.704242424,E,,2002,0.723883375,E,,2007,0.719239631,E,,2012,0.7941247,E,,2017,0.817654321,E,,2018,0.817654321,E
Nigeria,% of irrigation potential equipped for irrigation (%),1992,10.26121359,I,,1997,11.63163163,I,,2002,12.51501502,I,,2007,13.39124839,E,,2012,14.20634921,E,,2017,14.20634921,E,,2018,14.20634921,E
Nigeria,Flood recession cropping area non-equipped (1000 ha),1992,719.0555556,I,,1997,695.8333333,I,,2002,681.9,I,,2007,681.9,I,,2012,681.9,I,,2017,681.9,I,,2018,681.9,I
Nigeria,Cultivated wetlands and inland valley bottoms non-equipped (1000 ha),,,,,,,,,,,,,,,,,,,,,,,,,,,
Nigeria,Total agricultural water managed area (1000 ha),1992,958.2444444,I,,1997,966.9666667,I,,2002,973.625,I,,2007,994.05,E,,2012,1013.05,E,,2017,1013.05,E,,2018,1013.05,E
Nigeria,% of agricultural water managed area equipped for irrigation (%),1992,24.96115582,E,,1997,28.03957393,E,,2002,29.96261798,I,,2007,31.40184095,E,,2012,32.68841617,E,,2017,32.68841617,E,,2018,32.68841617,E
Nigeria,Area equipped for irrigation by surface water (1000 ha),,,,,,,,,,,,,2007,226.4,I,,2012,226.4,I,,2017,226.4,I,,2018,226.4,I
Nigeria,Area equipped for irrigation by groundwater (1000 ha),,,,,,,,,,,,,2007,66.8,I,,2012,66.8,I,,2017,66.8,I,,2018,66.8,I
Nigeria,Area equipped for irrigation by mixed surface water and groundwater (1000 ha),,,,,,,,,,,,,,,,,,,,,,,,,,,
Nigeria,Area equipped for irrigation by direct use of treated municipal wastewater (1000 ha),,,,,,,,,,,,,,,,,,,,,,,,,,,
Nigeria,Area equipped for irrigation by direct use of non-treated municipal wastewater  (1000 ha),,,,,,,,,,,,,,,,,,,,,,,,,,,
Nigeria,Area equipped for irrigation by direct use of agricultural drainage water (1000 ha),,,,,,,,,,,,,,,,,,,,,,,,,,,
Nigeria,Area equipped for irrigation by desalinated water (1000 ha),,,,,,,,,,,,,,,,,,,,,,,,,,,
Nigeria,% of area equipped for irrigation by surface water (%),,,,,,,,,,,,,2007,72.52923274,E,,2012,68.36780915,E,,2017,68.36780915,E,,2018,68.36780915,E
Nigeria,% of area equipped for irrigation by groundwater  (%),,,,,,,,,,,,,2007,21.39996796,E,,2012,20.17212743,E,,2017,20.17212743,E,,2018,20.17212743,E
Nigeria,% of area equipped for irrigation by mixed surface water and groundwater (%),,,,,,,,,,,,,,,,,,,,,,,,,,,
Nigeria,% of area equipped for irrigation by direct use of  treated municipal wastewater (%),,,,,,,,,,,,,,,,,,,,,,,,,,,
Nigeria,% of area equipped for irrigation by direct use of non-treated municipal wastewater (%),,,,,,,,,,,,,,,,,,,,,,,,,,,
Nigeria,% of area equipped for irrigation by direct use of agricultural drainage water  (%),,,,,,,,,,,,,,,,,,,,,,,,,,,
Nigeria,% of area equipped for irrigation by desalinated water (%),,,,,,,,,,,,,,,,,,,,,,,,,,,
Nigeria,Total harvested irrigated crop area (full control irrigation) (1000 ha),,,,,,,,,,,,,2007,225.8,I,,2012,225.8,I,,2017,225.8,I,,2018,225.8,I
Nigeria,Harvested irrigated temporary crop area: Total (1000 ha),,,,,,,,,,,,,2007,225.8,I,,2012,225.8,I,,2017,225.8,I,,2018,225.8,I
Nigeria,Harvested irrigated permanent crop area: Total (1000 ha),,,,,,,,,,,,,,,,,,,,,,,,,,,
Nigeria,Permanent meadows and pastures irrigated (1000 ha),,,,,,,,,,,,,,,,,,,,,,,,,,,
Nigeria,Irrigated cropping intensity (%),,,,,,,,,,,,,2007,128.3683911,E,,2012,169.7744361,E,,2017,169.7744361,E,,2018,169.7744361,E
Nigeria,Harvested irrigated temporary crop area: Wheat (1000 ha),1992,40.7,I,,1997,25.2,I,,2002,19,I,,2007,19,I,,2012,19,I,,2017,19,I,,2018,19,I
Nigeria,Harvested irrigated temporary crop area: Rice (1000 ha),1992,501.9,I,,1997,148.4,I,,2002,11.2,I,,2007,14,I,,2012,14,I,,2017,14,I,,2018,14,I
Nigeria,Harvested irrigated temporary crop area: Barley (1000 ha),,,,,,,,,,,,,,,,,,,,,,,,,,,
Nigeria,Harvested irrigated temporary crop area: Maize (1000 ha),1992,19.7,I,,1997,19.2,I,,2002,19,I,,2007,19,I,,2012,19,I,,2017,19,I,,2018,19,I
Nigeria,Harvested irrigated temporary crop area: Millet (1000 ha),,,,,,,,,,,,,,,,,,,,,,,,,,,
Nigeria,Harvested irrigated temporary crop area: Sorghum (1000 ha),,,,,,,,,,,,,,,,,,,,,,,,,,,
Nigeria,Harvested irrigated temporary crop area: Other cereals (1000 ha),,,,,,,,,,,,,,,,,,,,,,,,,,,
Nigeria,Harvested irrigated temporary crop area: Vegetables (1000 ha),1992,115.1,I,,1997,78.6,I,,2002,95.8,I,,2007,117,I,,2012,117,I,,2017,117,I,,2018,117,I
Nigeria,Harvested irrigated temporary crop area: Soybeans (1000 ha),,,,,,,,,,,,,,,,,,,,,,,,,,,
Nigeria,Harvested irrigated temporary crop area: Groundnuts (1000 ha),,,,,,,,,,,,,,,,,,,,,,,,,,,
Nigeria,Harvested irrigated temporary crop area: Sesame (1000 ha),,,,,,,,,,,,,,,,,,,,,,,,,,,
Nigeria,Harvested irrigated temporary crop area: Sunflower (1000 ha),,,,,,,,,,,,,,,,,,,,,,,,,,,
Nigeria,Harvested irrigated temporary crop area: Potatoes (1000 ha),1992,19.4,I,,1997,8.4,I,,2002,16,I,,2007,24,I,,2012,24,I,,2017,24,I,,2018,24,I
Nigeria,Harvested irrigated temporary crop area: Sweet potatoes (1000 ha),,,,,,,,,,,,,,,,,,,,,,,,,,,
Nigeria,Harvested irrigated temporary crop area: Cassava (1000 ha),,,,,,,,,,,,,,,,,,,,,,,,,,,
Nigeria,Harvested irrigated temporary crop area: Other roots and tubers (1000 ha),,,,,,,,,,,,,,,,,,,,,,,,,,,
Nigeria,Harvested irrigated temporary crop area: Leguminous crops (1000 ha),,,,,,,,,,,,,,,,,,,,,,,,,,,
Nigeria,Harvested irrigated temporary crop area: Sugar beet (1000 ha),,,,,,,,,,,,,,,,,,,,,,,,,,,
Nigeria,Harvested irrigated temporary crop area: Sugarcane (1000 ha),,,,,,,,,2002,22.6,I,,2007,25,I,,2012,25,I,,2017,25,I,,2018,25,I
Nigeria,Harvested irrigated temporary crop area: Fodder (1000 ha),,,,,,,,,,,,,,,,,,,,,,,,,,,
Nigeria,Harvested irrigated temporary crop area: Cotton (1000 ha),,,,,,,,,2002,8,I,,2007,8,I,,2012,8,I,,2017,8,I,,2018,8,I
Nigeria,Harvested irrigated temporary crop area: Flowers (1000 ha),,,,,,,,,,,,,,,,,,,,,,,,,,,
Nigeria,Harvested irrigated temporary crop area: Tobacco (1000 ha),,,,,,,,,,,,,,,,,,,,,,,,,,,
Nigeria,Harvested irrigated temporary crop area: Other crops (1000 ha),1992,9.3,I,,1997,19.8,I,,2002,24,I,,2007,24,I,,2012,24,I,,2017,24,I,,2018,24,I
Nigeria,Harvested irrigated permanent crop area: Plantains (1000 ha),,,,,,,,,,,,,,,,,,,,,,,,,,,
Nigeria,Harvested irrigated permanent crop area: Bananas (1000 ha),,,,,,,,,,,,,,,,,,,,,,,,,,,
Nigeria,Harvested irrigated permanent crop area: Citrus (1000 ha),,,,,,,,,,,,,,,,,,,,,,,,,,,
Nigeria,Harvested irrigated permanent crop area: Grapes (1000 ha),,,,,,,,,,,,,,,,,,,,,,,,,,,
Nigeria,Harvested irrigated permanent crop area: Other fruits (1000 ha),,,,,,,,,,,,,,,,,,,,,,,,,,,
Nigeria,Harvested irrigated permanent crop area: Coconuts (1000 ha),,,,,,,,,,,,,,,,,,,,,,,,,,,
Nigeria,Harvested irrigated permanent crop area: Olives (1000 ha),,,,,,,,,,,,,,,,,,,,,,,,,,,
Nigeria,Harvested irrigated permanent crop area: Oil palm (1000 ha),,,,,,,,,,,,,,,,,,,,,,,,,,,
Nigeria,Harvested irrigated permanent crop area: Coffee (1000 ha),,,,,,,,,,,,,,,,,,,,,,,,,,,
Nigeria,Harvested irrigated permanent crop area: Tea (1000 ha),,,,,,,,,,,,,,,,,,,,,,,,,,,
Nigeria,Harvested irrigated permanent crop area: Cocoa beans (1000 ha),,,,,,,,,,,,,,,,,,,,,,,,,,,
Nigeria,Harvested irrigated permanent crop area: Grass and Fodder (1000 ha),,,,,,,,,,,,,,,,,,,,,,,,,,,
Nigeria,Harvested irrigated permanent crop area: Rubber (1000 ha),,,,,,,,,,,,,,,,,,,,,,,,,,,
Nigeria,Harvested irrigated permanent crop area: Other crops (1000 ha),,,,,,,,,,,,,,,,,,,,,,,,,,,
Nigeria,% of total grain production irrigated (%),1992,14.2,I,,1997,14.2,I,,2002,14.2,I,,2007,14.2,I,,2012,14.2,I,,2017,14.2,I,,2018,14.2,I
Nigeria,Ratio between rainfed and irrigated yields (-),1992,2.131,E,,1997,2.131,E,,2002,2.131,E,,2007,2.131,I,,2012,2.131,E,,2017,2.131,I,,2018,2.131,I
,,,,,,,,,,,,,,,,,,,,,,,,,,,,
,,,,,,,,,,,,,,,,,,,,,,,,,,,,
Metadata:,,,,,,,,,,,,,,,,,,,,,,,,,,,,
[1] [Comparability (over time)] | Environmental Water Requirement as a percentage of Total Runoff: 75.39% (IWMI),,,,,,,,,,,,,,,,,,,,,,,,,,,,
[2] [Comparability (over time)] | Environmental Water Requirement as a percentage of Total Runoff: 75.39% (IWMI),,,,,,,,,,,,,,,,,,,,,,,,,,,,
[3] [Comparability (over time)] | Environmental Water Requirement as a percentage of Total Runoff: 75.39% (IWMI),,,,,,,,,,,,,,,,,,,,,,,,,,,,
[4] [Comparability (over time)] | Environmental Water Requirement as a percentage of Total Runoff: 75.39% (IWMI),,,,,,,,,,,,,,,,,,,,,,,,,,,,
[5] [Comparability (over time)] | Environmental Water Requirement as a percentage of Total Runoff: 75.39% (IWMI),,,,,,,,,,,,,,,,,,,,,,,,,,,,
[6] [Comparability (over time)] | Environmental Water Requirement as a percentage of Total Runoff: 75.39% (IWMI),,,,,,,,,,,,,,,,,,,,,,,,,,,,
[7] [Observations] | Irrigation water withdrawal only,,,,,,,,,,,,,,,,,,,,,,,,,,,,
[8] [Observations] | Environmental Water Requirement as a percentage of Total Runoff: 55.19% (IWMI),,,,,,,,,,,,,,,,,,,,,,,,,,,,
[9] [Observations] | Environmental Water Requirement as a percentage of Total Runoff: 55.19% (IWMI),,,,,,,,,,,,,,,,,,,,,,,,,,,,
[10] [Observations] | Environmental Water Requirement as a percentage of Total Runoff: 55.19% (IWMI),,,,,,,,,,,,,,,,,,,,,,,,,,,,
[11] [Observations] | Environmental Water Requirement as a percentage of Total Runoff: 55.19% (IWMI),,,,,,,,,,,,,,,,,,,,,,,,,,,,
[12] [Observations] | Environmental Water Requirement as a percentage of Total Runoff: 55.19% (IWMI),,,,,,,,,,,,,,,,,,,,,,,,,,,,
[13] [Observations] | Environmental Water Requirement as a percentage of Total Runoff: 55.19% (IWMI),,,,,,,,,,,,,,,,,,,,,,,,,,,,
"[14] [Observations] | The main part is due to COMINAK, SOMAÃR and SONICHA",,,,,,,,,,,,,,,,,,,,,,,,,,,,
[15] [Observations] | Environmental Water Requirement as a percentage of Total Runoff: 31.17% (IWMI),,,,,,,,,,,,,,,,,,,,,,,,,,,,
[16] [Observations] | Environmental Water Requirement as a percentage of Total Runoff: 31.17% (IWMI),,,,,,,,,,,,,,,,,,,,,,,,,,,,
[17] [Observations] | Environmental Water Requirement as a percentage of Total Runoff: 31.17% (IWMI),,,,,,,,,,,,,,,,,,,,,,,,,,,,
[18] [Observations] | Environmental Water Requirement as a percentage of Total Runoff: 31.17% (IWMI),,,,,,,,,,,,,,,,,,,,,,,,,,,,
[19] [Observations] | Environmental Water Requirement as a percentage of Total Runoff: 31.17% (IWMI),,,,,,,,,,,,,,,,,,,,,,,,,,,,
[20] [Observations] | Environmental Water Requirement as a percentage of Total Runoff: 31.17% (IWMI),,,,,,,,,,,,,,,,,,,,,,,,,,,,
[21] [Observations] | Value pertains only to domestic wastewater production. Value is an FAO-IWMI estimate (wastewater production= 80% of residential water consumption (L/P/D) x urban population). The source for residential water consumption is taken from the IBNet database,,,,,,,,,,,,,,,,,,,,,,,,,,,,
[22] [Observations] | Environmental Water Requirement as a percentage of Total Runoff: 54.93% (IWMI),,,,,,,,,,,,,,,,,,,,,,,,,,,,
[23] [Observations] | Environmental Water Requirement as a percentage of Total Runoff: 54.93% (IWMI),,,,,,,,,,,,,,,,,,,,,,,,,,,,
[24] [Observations] | Environmental Water Requirement as a percentage of Total Runoff: 54.93% (IWMI),,,,,,,,,,,,,,,,,,,,,,,,,,,,
[25] [Observations] | Environmental Water Requirement as a percentage of Total Runoff: 54.93% (IWMI),,,,,,,,,,,,,,,,,,,,,,,,,,,,
[26] [Observations] | Environmental Water Requirement as a percentage of Total Runoff: 54.93% (IWMI),,,,,,,,,,,,,,,,,,,,,,,,,,,,
[27] [Observations] | Environmental Water Requirement as a percentage of Total Runoff: 54.93% (IWMI),,,,,,,,,,,,,,,,,,,,,,,,,,,,
,,,,,,,,,,,,,,,,,,,,,,,,,,,,
#NAME?,,,,,,,,,,,,,,,,,,,,,,,,,,,,
#NAME?,,,,,,,,,,,,,,,,,,,,,,,,,,,,
#NAME?,,,,,,,,,,,,,,,,,,,,,,,,,,,,
#NAME?,,,,,,,,,,,,,,,,,,,,,,,,,,,,
(c) 2022 FAO of the UN,,,,,,,,,,,,,,,,,,,,,,,,,,,,
The information contained in AQUASTAT is provided free of charge to all users. Recommended citation:<br/>,,,,,,,,,,,,,,,,,,,,,,,,,,,,
"FAO [Year of publication].AQUASTAT Database. AQUASTAT&nbsp;<a href=""""http://www.fao.org/nr/water/aquastat/data/query/index.html?lang=en"""" target=""""_blank"""">Website</a>&nbsp;accessed on&nbsp;[11/08/2022 15:46]",,,,,,,,,,,,,,,,,,,,,,,,,,,,
